school_id,section_id,student_id
1,150_46,200
1,150_26,200
1,150_29,200
1,150_31,200
1,150_37,200
1,150_43,200
1,150_29,200
1,150_34,200
1,150_26,201
1,150_39,201
1,150_28,201
1,150_38,201
1,150_35,201
1,150_39,201
1,150_30,201
1,150_27,201
1,150_49,202
1,150_36,202
1,150_48,202
1,150_42,202
1,150_33,202
1,150_25,202
1,150_38,202
1,150_30,202
1,150_40,203
1,150_37,203
1,150_39,203
1,150_35,203
1,150_31,203
1,150_43,203
1,150_27,203
1,150_44,203
1,150_41,204
1,150_38,204
1,150_38,204
1,150_40,204
1,150_44,204
1,150_40,204
1,150_36,204
1,150_45,204
1,150_36,205
1,150_27,205
1,150_32,205
1,150_30,205
1,150_40,205
1,150_30,205
1,150_46,205
1,150_30,205
1,150_38,206
1,150_41,206
1,150_38,206
1,150_45,206
1,150_47,206
1,150_31,206
1,150_35,206
1,150_27,206
1,150_47,207
1,150_40,207
1,150_27,207
1,150_38,207
1,150_39,207
1,150_40,207
1,150_25,207
1,150_48,207
1,150_33,208
1,150_40,208
1,150_35,208
1,150_28,208
1,150_34,208
1,150_40,208
1,150_26,208
1,150_31,208
1,150_42,209
1,150_45,209
1,150_35,209
1,150_38,209
1,150_47,209
1,150_32,209
1,150_30,209
1,150_29,209
1,150_47,210
1,150_25,210
1,150_40,210
1,150_34,210
1,150_26,210
1,150_29,210
1,150_35,210
1,150_40,210
1,150_28,211
1,150_42,211
1,150_29,211
1,150_40,211
1,150_39,211
1,150_49,211
1,150_40,211
1,150_43,211
1,150_48,212
1,150_26,212
1,150_46,212
1,150_32,212
1,150_39,212
1,150_27,212
1,150_25,212
1,150_48,212
1,150_43,213
1,150_27,213
1,150_46,213
1,150_34,213
1,150_49,213
1,150_26,213
1,150_31,213
1,150_47,213
1,150_32,214
1,150_46,214
1,150_29,214
1,150_48,214
1,150_44,214
1,150_37,214
1,150_37,214
1,150_39,214
1,150_40,215
1,150_47,215
1,150_27,215
1,150_39,215
1,150_39,215
1,150_27,215
1,150_43,215
1,150_28,215
1,150_27,216
1,150_37,216
1,150_26,216
1,150_40,216
1,150_38,216
1,150_29,216
1,150_38,216
1,150_28,216
1,150_35,217
1,150_37,217
1,150_28,217
1,150_26,217
1,150_39,217
1,150_33,217
1,150_45,217
1,150_39,217
1,150_29,218
1,150_33,218
1,150_43,218
1,150_43,218
1,150_45,218
1,150_38,218
1,150_25,218
1,150_39,218
1,150_33,219
1,150_44,219
1,150_37,219
1,150_48,219
1,150_37,219
1,150_34,219
1,150_37,219
1,150_26,219
1,150_41,220
1,150_42,220
1,150_29,220
1,150_32,220
1,150_41,220
1,150_43,220
1,150_30,220
1,150_36,220
1,150_40,221
1,150_32,221
1,150_37,221
1,150_44,221
1,150_49,221
1,150_39,221
1,150_38,221
1,150_32,221
1,150_26,222
1,150_25,222
1,150_37,222
1,150_27,222
1,150_38,222
1,150_32,222
1,150_28,222
1,150_34,222
1,150_31,223
1,150_41,223
1,150_40,223
1,150_25,223
1,150_40,223
1,150_25,223
1,150_27,223
1,150_36,223
1,150_31,224
1,150_44,224
1,150_34,224
1,150_31,224
1,150_41,224
1,150_35,224
1,150_42,224
1,150_34,224
1,150_48,225
1,150_47,225
1,150_29,225
1,150_35,225
1,150_36,225
1,150_40,225
1,150_37,225
1,150_37,225
1,150_42,226
1,150_35,226
1,150_25,226
1,150_44,226
1,150_29,226
1,150_40,226
1,150_33,226
1,150_44,226
1,150_34,227
1,150_33,227
1,150_44,227
1,150_46,227
1,150_47,227
1,150_32,227
1,150_25,227
1,150_36,227
1,150_41,228
1,150_47,228
1,150_27,228
1,150_48,228
1,150_33,228
1,150_41,228
1,150_28,228
1,150_25,228
1,150_31,229
1,150_26,229
1,150_26,229
1,150_27,229
1,150_30,229
1,150_28,229
1,150_41,229
1,150_29,229
1,150_45,230
1,150_39,230
1,150_45,230
1,150_26,230
1,150_30,230
1,150_29,230
1,150_39,230
1,150_42,230
1,150_49,231
1,150_47,231
1,150_48,231
1,150_40,231
1,150_48,231
1,150_36,231
1,150_29,231
1,150_46,231
1,150_48,232
1,150_37,232
1,150_25,232
1,150_41,232
1,150_44,232
1,150_26,232
1,150_47,232
1,150_32,232
1,150_26,233
1,150_46,233
1,150_39,233
1,150_45,233
1,150_34,233
1,150_34,233
1,150_48,233
1,150_39,233
1,150_31,234
1,150_41,234
1,150_35,234
1,150_28,234
1,150_38,234
1,150_28,234
1,150_42,234
1,150_37,234
1,150_29,235
1,150_36,235
1,150_45,235
1,150_38,235
1,150_26,235
1,150_39,235
1,150_40,235
1,150_46,235
1,150_47,236
1,150_47,236
1,150_44,236
1,150_37,236
1,150_32,236
1,150_30,236
1,150_46,236
1,150_37,236
1,150_35,237
1,150_45,237
1,150_32,237
1,150_41,237
1,150_35,237
1,150_42,237
1,150_39,237
1,150_35,237
1,150_25,238
1,150_33,238
1,150_39,238
1,150_32,238
1,150_41,238
1,150_27,238
1,150_35,238
1,150_41,238
1,150_40,239
1,150_27,239
1,150_28,239
1,150_35,239
1,150_32,239
1,150_42,239
1,150_40,239
1,150_44,239
1,150_45,240
1,150_38,240
1,150_39,240
1,150_46,240
1,150_35,240
1,150_30,240
1,150_39,240
1,150_29,240
1,150_29,241
1,150_28,241
1,150_38,241
1,150_30,241
1,150_42,241
1,150_48,241
1,150_38,241
1,150_31,241
1,150_46,242
1,150_33,242
1,150_49,242
1,150_35,242
1,150_37,242
1,150_35,242
1,150_36,242
1,150_26,242
1,150_41,243
1,150_41,243
1,150_32,243
1,150_43,243
1,150_34,243
1,150_38,243
1,150_35,243
1,150_35,243
1,150_41,244
1,150_37,244
1,150_26,244
1,150_49,244
1,150_26,244
1,150_38,244
1,150_41,244
1,150_34,244
1,150_46,245
1,150_32,245
1,150_30,245
1,150_37,245
1,150_39,245
1,150_33,245
1,150_47,245
1,150_33,245
1,150_47,246
1,150_25,246
1,150_28,246
1,150_47,246
1,150_42,246
1,150_27,246
1,150_38,246
1,150_37,246
1,150_47,247
1,150_44,247
1,150_31,247
1,150_34,247
1,150_37,247
1,150_45,247
1,150_33,247
1,150_37,247
1,150_42,248
1,150_37,248
1,150_31,248
1,150_49,248
1,150_49,248
1,150_26,248
1,150_37,248
1,150_26,248
1,150_44,249
1,150_25,249
1,150_40,249
1,150_31,249
1,150_29,249
1,150_41,249
1,150_27,249
1,150_49,249
1,150_40,250
1,150_44,250
1,150_41,250
1,150_36,250
1,150_40,250
1,150_45,250
1,150_39,250
1,150_33,250
1,150_38,251
1,150_43,251
1,150_43,251
1,150_31,251
1,150_25,251
1,150_42,251
1,150_33,251
1,150_39,251
1,150_46,252
1,150_29,252
1,150_25,252
1,150_26,252
1,150_29,252
1,150_49,252
1,150_27,252
1,150_31,252
1,150_28,253
1,150_34,253
1,150_25,253
1,150_33,253
1,150_29,253
1,150_38,253
1,150_47,253
1,150_30,253
1,150_48,254
1,150_32,254
1,150_39,254
1,150_46,254
1,150_25,254
1,150_33,254
1,150_31,254
1,150_26,254
1,150_36,255
1,150_25,255
1,150_40,255
1,150_37,255
1,150_26,255
1,150_35,255
1,150_25,255
1,150_37,255
1,150_31,256
1,150_47,256
1,150_31,256
1,150_35,256
1,150_27,256
1,150_34,256
1,150_38,256
1,150_34,256
1,150_49,257
1,150_37,257
1,150_44,257
1,150_40,257
1,150_45,257
1,150_44,257
1,150_48,257
1,150_26,257
1,150_38,258
1,150_34,258
1,150_48,258
1,150_42,258
1,150_41,258
1,150_28,258
1,150_32,258
1,150_31,258
1,150_33,259
1,150_27,259
1,150_27,259
1,150_29,259
1,150_43,259
1,150_40,259
1,150_43,259
1,150_36,259
1,150_49,260
1,150_45,260
1,150_32,260
1,150_25,260
1,150_35,260
1,150_45,260
1,150_46,260
1,150_48,260
1,150_48,261
1,150_32,261
1,150_45,261
1,150_29,261
1,150_41,261
1,150_27,261
1,150_48,261
1,150_25,261
1,150_25,262
1,150_25,262
1,150_30,262
1,150_40,262
1,150_33,262
1,150_38,262
1,150_26,262
1,150_40,262
1,150_36,263
1,150_35,263
1,150_47,263
1,150_31,263
1,150_47,263
1,150_45,263
1,150_35,263
1,150_29,263
1,150_44,264
1,150_39,264
1,150_44,264
1,150_26,264
1,150_27,264
1,150_27,264
1,150_34,264
1,150_30,264
1,150_46,265
1,150_48,265
1,150_27,265
1,150_49,265
1,150_42,265
1,150_49,265
1,150_46,265
1,150_28,265
1,150_28,266
1,150_33,266
1,150_37,266
1,150_38,266
1,150_37,266
1,150_45,266
1,150_39,266
1,150_40,266
1,150_41,267
1,150_25,267
1,150_32,267
1,150_40,267
1,150_46,267
1,150_36,267
1,150_46,267
1,150_43,267
1,150_49,268
1,150_45,268
1,150_36,268
1,150_38,268
1,150_47,268
1,150_28,268
1,150_34,268
1,150_40,268
1,150_39,269
1,150_46,269
1,150_38,269
1,150_28,269
1,150_27,269
1,150_39,269
1,150_49,269
1,150_47,269
1,150_48,270
1,150_33,270
1,150_29,270
1,150_43,270
1,150_27,270
1,150_31,270
1,150_49,270
1,150_37,270
1,150_25,271
1,150_26,271
1,150_47,271
1,150_40,271
1,150_38,271
1,150_33,271
1,150_30,271
1,150_42,271
1,150_26,272
1,150_35,272
1,150_45,272
1,150_48,272
1,150_32,272
1,150_44,272
1,150_29,272
1,150_39,272
1,150_32,273
1,150_30,273
1,150_28,273
1,150_29,273
1,150_44,273
1,150_26,273
1,150_31,273
1,150_39,273
1,150_49,274
1,150_39,274
1,150_44,274
1,150_35,274
1,150_27,274
1,150_42,274
1,150_31,274
1,150_25,274
1,150_34,275
1,150_38,275
1,150_28,275
1,150_39,275
1,150_43,275
1,150_33,275
1,150_48,275
1,150_46,275
1,150_45,276
1,150_43,276
1,150_40,276
1,150_32,276
1,150_28,276
1,150_33,276
1,150_44,276
1,150_35,276
1,150_34,277
1,150_37,277
1,150_30,277
1,150_38,277
1,150_28,277
1,150_31,277
1,150_40,277
1,150_41,277
1,150_44,278
1,150_31,278
1,150_26,278
1,150_45,278
1,150_44,278
1,150_25,278
1,150_49,278
1,150_44,278
1,150_45,279
1,150_27,279
1,150_46,279
1,150_48,279
1,150_49,279
1,150_30,279
1,150_44,279
1,150_47,279
1,150_36,280
1,150_37,280
1,150_28,280
1,150_48,280
1,150_32,280
1,150_36,280
1,150_45,280
1,150_29,280
1,150_42,281
1,150_42,281
1,150_29,281
1,150_28,281
1,150_48,281
1,150_31,281
1,150_34,281
1,150_44,281
1,150_38,282
1,150_49,282
1,150_45,282
1,150_40,282
1,150_45,282
1,150_28,282
1,150_42,282
1,150_47,282
1,150_36,283
1,150_46,283
1,150_32,283
1,150_48,283
1,150_26,283
1,150_31,283
1,150_44,283
1,150_48,283
1,150_32,284
1,150_38,284
1,150_48,284
1,150_41,284
1,150_26,284
1,150_30,284
1,150_33,284
1,150_41,284
1,150_30,285
1,150_26,285
1,150_43,285
1,150_49,285
1,150_34,285
1,150_39,285
1,150_39,285
1,150_28,285
1,150_47,286
1,150_29,286
1,150_26,286
1,150_32,286
1,150_48,286
1,150_25,286
1,150_36,286
1,150_27,286
1,150_45,287
1,150_29,287
1,150_42,287
1,150_36,287
1,150_35,287
1,150_45,287
1,150_26,287
1,150_47,287
1,150_25,288
1,150_26,288
1,150_40,288
1,150_28,288
1,150_26,288
1,150_34,288
1,150_42,288
1,150_47,288
1,150_26,289
1,150_38,289
1,150_38,289
1,150_27,289
1,150_44,289
1,150_32,289
1,150_34,289
1,150_27,289
1,150_32,290
1,150_33,290
1,150_36,290
1,150_43,290
1,150_32,290
1,150_27,290
1,150_45,290
1,150_43,290
1,150_29,291
1,150_40,291
1,150_47,291
1,150_47,291
1,150_28,291
1,150_42,291
1,150_45,291
1,150_37,291
1,150_41,292
1,150_49,292
1,150_27,292
1,150_41,292
1,150_25,292
1,150_37,292
1,150_37,292
1,150_34,292
1,150_46,293
1,150_41,293
1,150_35,293
1,150_44,293
1,150_48,293
1,150_37,293
1,150_39,293
1,150_45,293
1,150_25,294
1,150_41,294
1,150_37,294
1,150_36,294
1,150_31,294
1,150_25,294
1,150_38,294
1,150_25,294
1,150_44,295
1,150_39,295
1,150_37,295
1,150_39,295
1,150_44,295
1,150_46,295
1,150_41,295
1,150_36,295
1,150_37,296
1,150_47,296
1,150_29,296
1,150_34,296
1,150_34,296
1,150_32,296
1,150_32,296
1,150_47,296
1,150_33,297
1,150_43,297
1,150_38,297
1,150_43,297
1,150_46,297
1,150_27,297
1,150_48,297
1,150_46,297
1,150_27,298
1,150_29,298
1,150_31,298
1,150_38,298
1,150_41,298
1,150_31,298
1,150_35,298
1,150_38,298
1,150_25,299
1,150_36,299
1,150_31,299
1,150_47,299
1,150_26,299
1,150_31,299
1,150_47,299
1,150_26,299
1,150_47,300
1,150_37,300
1,150_33,300
1,150_35,300
1,150_27,300
1,150_38,300
1,150_27,300
1,150_48,300
1,150_39,301
1,150_28,301
1,150_43,301
1,150_40,301
1,150_38,301
1,150_31,301
1,150_41,301
1,150_43,301
1,150_29,302
1,150_32,302
1,150_45,302
1,150_28,302
1,150_33,302
1,150_40,302
1,150_48,302
1,150_29,302
1,150_27,303
1,150_30,303
1,150_43,303
1,150_31,303
1,150_34,303
1,150_43,303
1,150_25,303
1,150_34,303
1,150_28,304
1,150_32,304
1,150_44,304
1,150_28,304
1,150_46,304
1,150_31,304
1,150_28,304
1,150_33,304
1,150_41,305
1,150_33,305
1,150_33,305
1,150_27,305
1,150_31,305
1,150_33,305
1,150_42,305
1,150_32,305
1,150_29,306
1,150_31,306
1,150_37,306
1,150_40,306
1,150_40,306
1,150_30,306
1,150_31,306
1,150_25,306
1,150_33,307
1,150_31,307
1,150_38,307
1,150_48,307
1,150_36,307
1,150_25,307
1,150_25,307
1,150_40,307
1,150_49,308
1,150_42,308
1,150_32,308
1,150_31,308
1,150_38,308
1,150_47,308
1,150_45,308
1,150_30,308
1,150_42,309
1,150_38,309
1,150_31,309
1,150_32,309
1,150_27,309
1,150_26,309
1,150_34,309
1,150_33,309
1,150_38,310
1,150_40,310
1,150_26,310
1,150_38,310
1,150_42,310
1,150_25,310
1,150_25,310
1,150_33,310
1,150_29,311
1,150_34,311
1,150_36,311
1,150_34,311
1,150_33,311
1,150_28,311
1,150_28,311
1,150_42,311
1,150_34,312
1,150_39,312
1,150_25,312
1,150_45,312
1,150_34,312
1,150_41,312
1,150_26,312
1,150_34,312
1,150_46,313
1,150_42,313
1,150_37,313
1,150_36,313
1,150_42,313
1,150_39,313
1,150_27,313
1,150_35,313
1,150_42,314
1,150_25,314
1,150_45,314
1,150_30,314
1,150_31,314
1,150_43,314
1,150_40,314
1,150_25,314
1,150_38,315
1,150_42,315
1,150_28,315
1,150_32,315
1,150_26,315
1,150_33,315
1,150_40,315
1,150_38,315
1,150_45,316
1,150_46,316
1,150_34,316
1,150_26,316
1,150_44,316
1,150_47,316
1,150_25,316
1,150_33,316
1,150_30,317
1,150_32,317
1,150_44,317
1,150_34,317
1,150_46,317
1,150_42,317
1,150_28,317
1,150_26,317
1,150_29,318
1,150_36,318
1,150_41,318
1,150_43,318
1,150_35,318
1,150_30,318
1,150_48,318
1,150_26,318
1,150_32,319
1,150_28,319
1,150_48,319
1,150_29,319
1,150_47,319
1,150_32,319
1,150_27,319
1,150_39,319
1,150_48,320
1,150_46,320
1,150_42,320
1,150_34,320
1,150_47,320
1,150_30,320
1,150_48,320
1,150_43,320
1,150_44,321
1,150_47,321
1,150_27,321
1,150_25,321
1,150_36,321
1,150_25,321
1,150_41,321
1,150_28,321
1,150_39,322
1,150_44,322
1,150_37,322
1,150_37,322
1,150_32,322
1,150_38,322
1,150_30,322
1,150_36,322
1,150_48,323
1,150_31,323
1,150_45,323
1,150_29,323
1,150_45,323
1,150_40,323
1,150_30,323
1,150_35,323
1,150_29,324
1,150_39,324
1,150_42,324
1,150_42,324
1,150_42,324
1,150_43,324
1,150_29,324
1,150_36,324
1,150_29,325
1,150_35,325
1,150_31,325
1,150_49,325
1,150_47,325
1,150_40,325
1,150_48,325
1,150_40,325
1,150_25,326
1,150_31,326
1,150_30,326
1,150_44,326
1,150_49,326
1,150_43,326
1,150_48,326
1,150_36,326
1,150_25,327
1,150_40,327
1,150_28,327
1,150_34,327
1,150_27,327
1,150_42,327
1,150_38,327
1,150_45,327
1,150_43,328
1,150_39,328
1,150_39,328
1,150_27,328
1,150_43,328
1,150_33,328
1,150_32,328
1,150_37,328
1,150_38,329
1,150_46,329
1,150_46,329
1,150_39,329
1,150_49,329
1,150_41,329
1,150_30,329
1,150_30,329
1,150_29,330
1,150_47,330
1,150_44,330
1,150_48,330
1,150_37,330
1,150_47,330
1,150_26,330
1,150_34,330
1,150_31,331
1,150_39,331
1,150_29,331
1,150_30,331
1,150_41,331
1,150_44,331
1,150_35,331
1,150_32,331
1,150_28,332
1,150_44,332
1,150_41,332
1,150_45,332
1,150_38,332
1,150_31,332
1,150_41,332
1,150_30,332
1,150_43,333
1,150_46,333
1,150_33,333
1,150_47,333
1,150_33,333
1,150_41,333
1,150_40,333
1,150_45,333
1,150_27,334
1,150_32,334
1,150_49,334
1,150_37,334
1,150_44,334
1,150_45,334
1,150_39,334
1,150_49,334
1,150_32,335
1,150_27,335
1,150_43,335
1,150_32,335
1,150_35,335
1,150_39,335
1,150_27,335
1,150_29,335
1,150_44,336
1,150_34,336
1,150_31,336
1,150_25,336
1,150_29,336
1,150_30,336
1,150_41,336
1,150_38,336
1,150_45,337
1,150_49,337
1,150_45,337
1,150_32,337
1,150_36,337
1,150_31,337
1,150_40,337
1,150_47,337
1,150_29,338
1,150_34,338
1,150_27,338
1,150_48,338
1,150_35,338
1,150_40,338
1,150_46,338
1,150_42,338
1,150_40,339
1,150_46,339
1,150_39,339
1,150_42,339
1,150_34,339
1,150_39,339
1,150_41,339
1,150_25,339
1,150_27,340
1,150_30,340
1,150_28,340
1,150_43,340
1,150_25,340
1,150_28,340
1,150_49,340
1,150_35,340
1,150_43,341
1,150_28,341
1,150_32,341
1,150_25,341
1,150_29,341
1,150_36,341
1,150_30,341
1,150_30,341
1,150_29,342
1,150_31,342
1,150_26,342
1,150_40,342
1,150_42,342
1,150_36,342
1,150_31,342
1,150_28,342
1,150_37,343
1,150_28,343
1,150_43,343
1,150_29,343
1,150_41,343
1,150_48,343
1,150_33,343
1,150_31,343
1,150_45,344
1,150_39,344
1,150_38,344
1,150_45,344
1,150_45,344
1,150_40,344
1,150_46,344
1,150_28,344
1,150_47,345
1,150_39,345
1,150_31,345
1,150_27,345
1,150_29,345
1,150_38,345
1,150_45,345
1,150_47,345
1,150_45,346
1,150_46,346
1,150_39,346
1,150_44,346
1,150_35,346
1,150_32,346
1,150_48,346
1,150_31,346
1,150_41,347
1,150_33,347
1,150_37,347
1,150_46,347
1,150_29,347
1,150_47,347
1,150_36,347
1,150_47,347
1,150_33,348
1,150_38,348
1,150_33,348
1,150_41,348
1,150_36,348
1,150_36,348
1,150_32,348
1,150_47,348
1,150_33,349
1,150_29,349
1,150_27,349
1,150_36,349
1,150_35,349
1,150_39,349
1,150_37,349
1,150_32,349
1,150_46,350
1,150_26,350
1,150_31,350
1,150_49,350
1,150_43,350
1,150_36,350
1,150_41,350
1,150_36,350
1,150_33,351
1,150_37,351
1,150_44,351
1,150_43,351
1,150_40,351
1,150_33,351
1,150_34,351
1,150_45,351
1,150_48,352
1,150_41,352
1,150_34,352
1,150_29,352
1,150_41,352
1,150_38,352
1,150_34,352
1,150_45,352
1,150_32,353
1,150_28,353
1,150_49,353
1,150_29,353
1,150_29,353
1,150_45,353
1,150_38,353
1,150_31,353
1,150_29,354
1,150_48,354
1,150_36,354
1,150_39,354
1,150_33,354
1,150_29,354
1,150_31,354
1,150_42,354
1,150_26,355
1,150_27,355
1,150_30,355
1,150_42,355
1,150_31,355
1,150_25,355
1,150_29,355
1,150_37,355
1,150_36,356
1,150_39,356
1,150_34,356
1,150_49,356
1,150_41,356
1,150_39,356
1,150_30,356
1,150_31,356
1,150_40,357
1,150_40,357
1,150_27,357
1,150_33,357
1,150_42,357
1,150_48,357
1,150_34,357
1,150_28,357
1,150_40,358
1,150_34,358
1,150_42,358
1,150_31,358
1,150_28,358
1,150_31,358
1,150_47,358
1,150_48,358
1,150_27,359
1,150_25,359
1,150_49,359
1,150_25,359
1,150_33,359
1,150_27,359
1,150_30,359
1,150_45,359
1,150_37,360
1,150_29,360
1,150_40,360
1,150_32,360
1,150_30,360
1,150_25,360
1,150_43,360
1,150_31,360
1,150_41,361
1,150_32,361
1,150_48,361
1,150_49,361
1,150_44,361
1,150_40,361
1,150_49,361
1,150_44,361
1,150_36,362
1,150_31,362
1,150_30,362
1,150_45,362
1,150_45,362
1,150_31,362
1,150_39,362
1,150_37,362
1,150_41,363
1,150_28,363
1,150_26,363
1,150_26,363
1,150_38,363
1,150_45,363
1,150_49,363
1,150_26,363
1,150_33,364
1,150_32,364
1,150_49,364
1,150_44,364
1,150_36,364
1,150_26,364
1,150_34,364
1,150_32,364
1,150_37,365
1,150_33,365
1,150_45,365
1,150_33,365
1,150_28,365
1,150_29,365
1,150_47,365
1,150_32,365
1,150_35,366
1,150_36,366
1,150_39,366
1,150_42,366
1,150_49,366
1,150_42,366
1,150_43,366
1,150_47,366
1,150_26,367
1,150_27,367
1,150_34,367
1,150_46,367
1,150_41,367
1,150_30,367
1,150_30,367
1,150_31,367
1,150_41,368
1,150_26,368
1,150_35,368
1,150_28,368
1,150_46,368
1,150_39,368
1,150_28,368
1,150_46,368
1,150_37,369
1,150_41,369
1,150_35,369
1,150_34,369
1,150_27,369
1,150_47,369
1,150_29,369
1,150_41,369
1,150_35,370
1,150_29,370
1,150_38,370
1,150_38,370
1,150_40,370
1,150_47,370
1,150_39,370
1,150_46,370
1,150_45,371
1,150_47,371
1,150_45,371
1,150_31,371
1,150_26,371
1,150_31,371
1,150_46,371
1,150_34,371
1,150_45,372
1,150_37,372
1,150_35,372
1,150_46,372
1,150_49,372
1,150_34,372
1,150_42,372
1,150_41,372
1,150_26,373
1,150_27,373
1,150_32,373
1,150_47,373
1,150_26,373
1,150_25,373
1,150_32,373
1,150_29,373
1,150_39,374
1,150_41,374
1,150_42,374
1,150_35,374
1,150_42,374
1,150_31,374
1,150_49,374
1,150_33,374
1,150_40,375
1,150_46,375
1,150_35,375
1,150_42,375
1,150_34,375
1,150_48,375
1,150_37,375
1,150_25,375
1,150_26,376
1,150_48,376
1,150_45,376
1,150_38,376
1,150_48,376
1,150_46,376
1,150_29,376
1,150_31,376
1,150_38,377
1,150_28,377
1,150_42,377
1,150_35,377
1,150_30,377
1,150_45,377
1,150_47,377
1,150_43,377
1,150_29,378
1,150_43,378
1,150_37,378
1,150_45,378
1,150_35,378
1,150_43,378
1,150_34,378
1,150_27,378
1,150_28,379
1,150_40,379
1,150_46,379
1,150_36,379
1,150_33,379
1,150_41,379
1,150_43,379
1,150_27,379
1,150_29,380
1,150_45,380
1,150_47,380
1,150_39,380
1,150_40,380
1,150_46,380
1,150_40,380
1,150_36,380
1,150_42,381
1,150_33,381
1,150_34,381
1,150_30,381
1,150_38,381
1,150_35,381
1,150_39,381
1,150_26,381
1,150_44,382
1,150_40,382
1,150_34,382
1,150_49,382
1,150_32,382
1,150_44,382
1,150_35,382
1,150_48,382
1,150_27,383
1,150_34,383
1,150_31,383
1,150_30,383
1,150_42,383
1,150_37,383
1,150_44,383
1,150_29,383
1,150_40,384
1,150_45,384
1,150_48,384
1,150_42,384
1,150_36,384
1,150_27,384
1,150_40,384
1,150_31,384
1,150_43,385
1,150_41,385
1,150_43,385
1,150_43,385
1,150_26,385
1,150_40,385
1,150_29,385
1,150_26,385
1,150_38,386
1,150_26,386
1,150_33,386
1,150_46,386
1,150_27,386
1,150_48,386
1,150_47,386
1,150_42,386
1,150_25,387
1,150_29,387
1,150_45,387
1,150_34,387
1,150_40,387
1,150_38,387
1,150_40,387
1,150_42,387
1,150_33,388
1,150_45,388
1,150_40,388
1,150_42,388
1,150_34,388
1,150_33,388
1,150_41,388
1,150_44,388
1,150_33,389
1,150_48,389
1,150_46,389
1,150_36,389
1,150_27,389
1,150_47,389
1,150_47,389
1,150_49,389
1,150_43,390
1,150_34,390
1,150_49,390
1,150_49,390
1,150_32,390
1,150_28,390
1,150_43,390
1,150_35,390
1,150_41,391
1,150_26,391
1,150_35,391
1,150_36,391
1,150_36,391
1,150_45,391
1,150_44,391
1,150_35,391
1,150_28,392
1,150_44,392
1,150_39,392
1,150_44,392
1,150_37,392
1,150_48,392
1,150_34,392
1,150_31,392
1,150_25,393
1,150_33,393
1,150_25,393
1,150_48,393
1,150_44,393
1,150_40,393
1,150_46,393
1,150_31,393
1,150_47,394
1,150_40,394
1,150_34,394
1,150_31,394
1,150_46,394
1,150_42,394
1,150_38,394
1,150_49,394
1,150_28,395
1,150_36,395
1,150_26,395
1,150_40,395
1,150_39,395
1,150_41,395
1,150_48,395
1,150_45,395
1,150_46,396
1,150_27,396
1,150_29,396
1,150_28,396
1,150_49,396
1,150_40,396
1,150_37,396
1,150_38,396
1,150_34,397
1,150_36,397
1,150_41,397
1,150_32,397
1,150_44,397
1,150_46,397
1,150_48,397
1,150_35,397
1,150_39,398
1,150_38,398
1,150_34,398
1,150_37,398
1,150_25,398
1,150_46,398
1,150_27,398
1,150_48,398
